data_hora,temperatura_c,umidade_pct,nuvens_pct,vento_kmh,hora,radiacao_w_m2
2025-04-01T07:00,25.3,74,100,17.7,7,116.0
2025-04-01T08:00,26.5,66,100,18.1,8,269.0
2025-04-01T09:00,28.4,55,97,18.0,9,529.0
2025-04-01T10:00,30.8,44,21,18.4,10,797.0
2025-04-01T11:00,32.7,36,26,20.1,11,880.0
2025-04-01T12:00,34.2,31,36,19.2,12,905.0
2025-04-01T13:00,35.0,30,50,19.5,13,910.0
2025-04-01T14:00,35.0,30,19,17.1,14,733.0
2025-04-01T15:00,35.3,30,30,17.3,15,699.0
2025-04-01T16:00,35.0,30,18,17.6,16,443.0
2025-04-01T17:00,34.0,32,16,15.9,17,225.0
2025-04-02T07:00,23.9,77,100,17.9,7,116.0
2025-04-02T08:00,25.3,69,100,17.1,8,249.0
2025-04-02T09:00,27.5,57,100,16.2,9,473.0
2025-04-02T10:00,29.5,49,100,14.5,10,751.0
2025-04-02T11:00,31.1,42,100,14.1,11,814.0
2025-04-02T12:00,32.7,38,100,12.5,12,987.0
2025-04-02T13:00,33.4,36,100,10.4,13,866.0
2025-04-02T14:00,34.2,33,100,10.0,14,773.0
2025-04-02T15:00,34.5,32,100,12.5,15,617.0
2025-04-02T16:00,34.1,32,100,13.2,16,426.0
2025-04-02T17:00,33.4,32,100,12.1,17,192.0
2025-04-03T07:00,24.0,69,0,12.1,7,126.0
2025-04-03T08:00,25.7,62,16,13.1,8,373.0
2025-04-03T09:00,28.1,50,10,14.1,9,613.0
2025-04-03T10:00,30.5,43,25,13.0,10,808.0
2025-04-03T11:00,32.0,38,1,12.7,11,945.0
2025-04-03T12:00,33.3,34,6,11.8,12,1002.0
2025-04-03T13:00,34.4,30,6,11.5,13,972.0
2025-04-03T14:00,35.2,27,3,11.9,14,877.0
2025-04-03T15:00,35.3,25,4,13.3,15,717.0
2025-04-03T16:00,35.0,24,4,14.1,16,498.0
2025-04-03T17:00,34.2,26,1,13.5,17,250.0
2025-04-04T07:00,24.5,68,1,11.5,7,126.0
2025-04-04T08:00,26.2,58,0,11.9,8,371.0
2025-04-04T09:00,28.2,47,0,12.1,9,610.0
2025-04-04T10:00,30.5,40,0,11.9,10,806.0
2025-04-04T11:00,32.1,35,0,12.6,11,939.0
2025-04-04T12:00,33.4,32,11,11.2,12,998.0
2025-04-04T13:00,34.6,28,78,9.2,13,950.0
2025-04-04T14:00,35.2,26,98,9.7,14,848.0
2025-04-04T15:00,35.1,26,85,9.3,15,707.0
2025-04-04T16:00,34.9,25,75,9.2,16,495.0
2025-04-04T17:00,34.1,25,88,9.8,17,248.0
2025-04-05T07:00,25.3,69,98,11.4,7,123.0
2025-04-05T08:00,27.1,61,88,11.5,8,365.0
2025-04-05T09:00,29.1,53,86,11.6,9,604.0
2025-04-05T10:00,30.9,47,100,12.5,10,751.0
2025-04-05T11:00,32.1,42,100,12.5,11,796.0
2025-04-05T12:00,33.1,38,100,12.2,12,819.0
2025-04-05T13:00,33.5,35,100,11.7,13,708.0
2025-04-05T14:00,34.4,32,100,12.0,14,734.0
2025-04-05T15:00,34.6,30,100,11.7,15,615.0
2025-04-05T16:00,34.5,29,100,10.7,16,420.0
2025-04-05T17:00,34.2,29,99,9.9,17,205.0
2025-04-06T07:00,24.9,63,3,13.7,7,123.0
2025-04-06T08:00,26.6,56,3,14.8,8,365.0
2025-04-06T09:00,28.7,46,3,15.7,9,599.0
2025-04-06T10:00,30.9,41,2,16.6,10,789.0
2025-04-06T11:00,32.9,35,22,18.4,11,911.0
2025-04-06T12:00,34.3,32,20,17.1,12,931.0
2025-04-06T13:00,34.4,32,14,18.6,13,881.0
2025-04-06T14:00,34.7,31,16,15.3,14,836.0
2025-04-06T15:00,34.6,32,25,16.8,15,661.0
2025-04-06T16:00,33.5,34,19,19.1,16,446.0
2025-04-06T17:00,32.2,39,30,20.1,17,222.0
2025-04-07T07:00,24.0,67,1,14.6,7,124.0
2025-04-07T08:00,25.8,60,91,21.3,8,366.0
2025-04-07T09:00,27.5,52,100,20.6,9,490.0
2025-04-07T10:00,29.2,46,98,18.4,10,603.0
2025-04-07T11:00,30.9,39,93,16.4,11,731.0
2025-04-07T12:00,32.3,34,61,15.7,12,818.0
2025-04-07T13:00,33.5,30,76,13.7,13,840.0
2025-04-07T14:00,34.5,26,100,13.0,14,770.0
2025-04-07T15:00,34.6,26,100,12.3,15,640.0
2025-04-07T16:00,34.9,24,100,11.2,16,422.0
2025-04-07T17:00,34.1,24,73,12.5,17,211.0
2025-04-08T07:00,24.1,74,31,19.5,7,123.0
2025-04-08T08:00,25.8,65,62,19.4,8,322.0
2025-04-08T09:00,27.9,55,40,18.7,9,531.0
2025-04-08T10:00,29.9,46,93,15.4,10,635.0
2025-04-08T11:00,31.6,38,100,14.3,11,753.0
2025-04-08T12:00,32.8,35,100,14.1,12,842.0
2025-04-08T13:00,33.7,31,100,12.1,13,775.0
2025-04-08T14:00,34.6,29,92,12.2,14,718.0
2025-04-08T15:00,34.3,29,18,13.4,15,605.0
2025-04-08T16:00,34.1,29,5,12.1,16,455.0
2025-04-08T17:00,33.8,29,12,10.2,17,222.0
2025-04-09T07:00,24.7,72,1,12.6,7,124.0
2025-04-09T08:00,26.3,64,0,12.3,8,364.0
2025-04-09T09:00,28.5,55,0,13.1,9,598.0
2025-04-09T10:00,30.7,47,100,14.7,10,633.0
2025-04-09T11:00,31.3,44,60,12.7,11,510.0
2025-04-09T12:00,32.4,41,77,10.1,12,587.0
2025-04-09T13:00,33.7,37,100,9.4,13,820.0
2025-04-09T14:00,34.5,34,98,9.3,14,786.0
2025-04-09T15:00,34.8,31,45,9.1,15,632.0
2025-04-09T16:00,34.7,30,5,10.6,16,426.0
2025-04-09T17:00,34.3,30,13,10.4,17,227.0
2025-04-10T07:00,25.4,69,0,11.2,7,124.0
2025-04-10T08:00,27.0,62,0,10.9,8,365.0
2025-04-10T09:00,29.0,53,0,9.8,9,599.0
2025-04-10T10:00,31.0,46,3,9.3,10,786.0
2025-04-10T11:00,32.7,41,12,9.1,11,873.0
2025-04-10T12:00,33.8,38,14,7.9,12,939.0
2025-04-10T13:00,34.2,36,16,6.4,13,877.0
2025-04-10T14:00,34.3,35,8,5.2,14,777.0
2025-04-10T15:00,34.7,33,8,4.7,15,656.0
2025-04-10T16:00,34.7,32,77,5.0,16,433.0
2025-04-10T17:00,34.1,33,66,6.3,17,201.0
2025-04-11T07:00,26.0,70,62,9.8,7,90.0
2025-04-11T08:00,26.6,69,90,8.7,8,246.0
2025-04-11T09:00,27.3,66,30,7.3,9,310.0
2025-04-11T10:00,29.2,60,36,6.0,10,657.0
2025-04-11T11:00,31.1,53,14,3.6,11,855.0
2025-04-11T12:00,32.3,49,18,3.0,12,922.0
2025-04-11T13:00,33.4,45,92,5.4,13,901.0
2025-04-11T14:00,33.8,42,99,8.0,14,675.0
2025-04-11T15:00,32.8,45,97,6.5,15,502.0
2025-04-11T16:00,27.2,66,100,14.0,16,374.0
2025-04-11T17:00,27.1,67,100,15.3,17,153.0
2025-04-12T07:00,22.7,95,100,7.4,7,27.0
2025-04-12T08:00,23.1,91,100,11.0,8,84.0
2025-04-12T09:00,23.5,90,100,8.2,9,150.0
2025-04-12T10:00,23.0,94,100,9.8,10,124.0
2025-04-12T11:00,24.5,85,100,6.7,11,403.0
2025-04-12T12:00,25.0,81,100,7.1,12,433.0
2025-04-12T13:00,25.1,82,100,6.0,13,344.0
2025-04-12T14:00,26.3,76,100,8.7,14,497.0
2025-04-12T15:00,26.5,75,100,8.8,15,366.0
2025-04-12T16:00,26.8,72,100,7.9,16,340.0
2025-04-12T17:00,26.1,77,95,7.2,17,142.0
2025-04-13T07:00,23.3,87,57,11.2,7,122.0
2025-04-13T08:00,25.0,79,100,15.7,8,344.0
2025-04-13T09:00,26.0,74,73,14.3,9,403.0
2025-04-13T10:00,27.7,67,100,12.5,10,680.0
2025-04-13T11:00,28.7,63,100,12.0,11,796.0
2025-04-13T12:00,29.5,59,100,12.3,12,912.0
2025-04-13T13:00,29.9,59,87,11.7,13,892.0
2025-04-13T14:00,30.2,57,100,10.7,14,753.0
2025-04-13T15:00,30.1,57,16,11.3,15,633.0
2025-04-13T16:00,29.6,58,5,12.0,16,446.0
2025-04-13T17:00,28.6,64,10,9.4,17,210.0
2025-04-14T07:00,23.4,86,40,9.9,7,123.0
2025-04-14T08:00,25.1,78,43,14.1,8,358.0
2025-04-14T09:00,26.6,71,68,13.5,9,512.0
2025-04-14T10:00,28.3,63,10,12.1,10,749.0
2025-04-14T11:00,29.2,59,12,11.3,11,852.0
2025-04-14T12:00,30.0,56,14,10.2,12,919.0
2025-04-14T13:00,30.3,55,14,9.4,13,862.0
2025-04-14T14:00,30.4,54,16,9.0,14,786.0
2025-04-14T15:00,30.3,55,18,8.7,15,628.0
2025-04-14T16:00,30.0,55,61,8.9,16,418.0
2025-04-14T17:00,28.9,61,100,6.6,17,203.0
2025-04-15T07:00,24.0,85,31,13.8,7,117.0
2025-04-15T08:00,25.7,77,100,14.8,8,302.0
2025-04-15T09:00,27.2,69,24,13.0,9,440.0
2025-04-15T10:00,29.1,62,18,11.7,10,698.0
2025-04-15T11:00,30.4,55,14,10.3,11,837.0
2025-04-15T12:00,31.3,51,19,9.1,12,867.0
2025-04-15T13:00,32.0,47,11,7.6,13,873.0
2025-04-15T14:00,32.3,44,13,7.4,14,769.0
2025-04-15T15:00,32.3,43,14,7.6,15,623.0
2025-04-15T16:00,32.0,43,11,7.4,16,417.0
2025-04-15T17:00,31.0,50,8,4.0,17,205.0
2025-04-16T07:00,24.9,83,97,12.3,7,89.0
2025-04-16T08:00,26.5,74,26,12.4,8,257.0
2025-04-16T09:00,28.3,65,25,13.3,9,541.0
2025-04-16T10:00,28.6,64,42,12.0,10,621.0
2025-04-16T11:00,30.4,56,16,11.4,11,770.0
2025-04-16T12:00,31.6,49,22,12.6,12,848.0
2025-04-16T13:00,32.2,47,20,12.6,13,843.0
2025-04-16T14:00,32.6,44,25,12.5,14,756.0
2025-04-16T15:00,32.7,43,11,12.4,15,613.0
2025-04-16T16:00,32.4,43,18,12.4,16,404.0
2025-04-16T17:00,31.5,46,18,11.4,17,198.0
2025-04-17T07:00,24.0,80,0,10.9,7,125.0
2025-04-17T08:00,25.9,69,0,12.0,8,364.0
2025-04-17T09:00,28.1,58,0,12.2,9,596.0
2025-04-17T10:00,30.6,47,9,13.3,10,783.0
2025-04-17T11:00,31.9,41,7,12.8,11,852.0
2025-04-17T12:00,32.9,36,26,12.7,12,905.0
2025-04-17T13:00,33.6,33,61,12.2,13,898.0
2025-04-17T14:00,34.0,30,97,12.6,14,816.0
2025-04-17T15:00,34.1,27,85,13.2,15,678.0
2025-04-17T16:00,33.7,27,30,13.7,16,457.0
2025-04-17T17:00,32.7,29,1,13.4,17,217.0
2025-04-18T07:00,23.7,78,0,9.2,7,126.0
2025-04-18T08:00,25.6,70,0,10.8,8,367.0
2025-04-18T09:00,28.0,60,0,11.2,9,599.0
2025-04-18T10:00,30.4,50,0,12.8,10,789.0
2025-04-18T11:00,32.2,40,0,13.3,11,916.0
2025-04-18T12:00,33.6,32,0,13.5,12,971.0
2025-04-18T13:00,34.5,25,0,14.3,13,948.0
2025-04-18T14:00,34.8,21,0,15.0,14,851.0
2025-04-18T15:00,34.6,22,0,15.2,15,685.0
2025-04-18T16:00,33.9,24,0,15.2,16,464.0
2025-04-18T17:00,33.0,28,0,12.7,17,217.0
2025-04-19T07:00,23.9,74,0,9.2,7,125.0
2025-04-19T08:00,25.8,64,1,10.1,8,365.0
2025-04-19T09:00,28.4,51,25,10.9,9,597.0
2025-04-19T10:00,30.2,48,82,9.2,10,782.0
2025-04-19T11:00,32.1,40,100,8.0,11,903.0
2025-04-19T12:00,32.9,36,100,7.4,12,839.0
2025-04-19T13:00,33.9,32,98,7.7,13,853.0
2025-04-19T14:00,34.2,30,83,8.5,14,783.0
2025-04-19T15:00,34.2,29,71,9.6,15,639.0
2025-04-19T16:00,33.9,27,61,11.7,16,453.0
2025-04-19T17:00,33.0,28,3,12.1,17,211.0
2025-04-20T07:00,24.0,76,11,8.3,7,124.0
2025-04-20T08:00,26.1,67,0,9.0,8,365.0
2025-04-20T09:00,28.7,57,0,9.1,9,596.0
2025-04-20T10:00,31.2,45,21,8.8,10,781.0
2025-04-20T11:00,32.8,38,59,7.4,11,908.0
2025-04-20T12:00,33.8,33,78,7.1,12,941.0
2025-04-20T13:00,34.6,30,91,6.6,13,935.0
2025-04-20T14:00,35.1,29,98,6.5,14,833.0
2025-04-20T15:00,35.0,28,5,7.1,15,657.0
2025-04-20T16:00,34.8,27,0,5.2,16,448.0
2025-04-20T17:00,34.1,25,0,4.5,17,204.0
2025-04-21T07:00,25.2,75,4,7.9,7,122.0
2025-04-21T08:00,27.2,65,0,9.3,8,357.0
2025-04-21T09:00,29.4,54,0,9.7,9,585.0
2025-04-21T10:00,30.4,51,10,8.1,10,756.0
2025-04-21T11:00,31.5,46,15,5.5,11,848.0
2025-04-21T12:00,32.4,42,13,4.0,12,900.0
2025-04-21T13:00,33.0,40,22,3.4,13,880.0
2025-04-21T14:00,33.4,38,82,3.8,14,753.0
2025-04-21T15:00,33.7,37,68,2.3,15,609.0
2025-04-21T16:00,34.1,34,87,5.9,16,394.0
2025-04-21T17:00,33.2,35,90,12.0,17,169.0
2025-04-22T07:00,25.2,72,27,12.4,7,116.0
2025-04-22T08:00,26.6,64,23,13.8,8,339.0
2025-04-22T09:00,28.3,56,32,15.0,9,520.0
2025-04-22T10:00,29.0,53,70,13.8,10,470.0
2025-04-22T11:00,31.0,46,93,12.8,11,779.0
2025-04-22T12:00,31.6,43,81,11.4,12,729.0
2025-04-22T13:00,32.5,40,97,10.6,13,836.0
2025-04-22T14:00,33.0,37,97,10.3,14,753.0
2025-04-22T15:00,33.5,35,97,12.2,15,628.0
2025-04-22T16:00,32.8,38,51,13.0,16,401.0
2025-04-22T17:00,32.0,40,27,12.4,17,183.0
2025-04-23T07:00,24.3,76,90,14.3,7,117.0
2025-04-23T08:00,25.9,67,100,17.8,8,339.0
2025-04-23T09:00,27.4,59,94,17.1,9,372.0
2025-04-23T10:00,29.2,54,90,14.1,10,660.0
2025-04-23T11:00,30.6,48,97,13.2,11,807.0
2025-04-23T12:00,31.8,43,87,12.3,12,878.0
2025-04-23T13:00,33.0,38,94,10.7,13,874.0
2025-04-23T14:00,33.7,35,21,10.4,14,785.0
2025-04-23T15:00,34.0,33,6,11.8,15,636.0
2025-04-23T16:00,33.9,32,46,11.6,16,413.0
2025-04-23T17:00,32.0,40,36,17.6,17,173.0
2025-04-24T07:00,24.0,80,37,13.9,7,107.0
2025-04-24T08:00,25.5,69,22,14.1,8,308.0
2025-04-24T09:00,27.6,56,3,13.6,9,549.0
2025-04-24T10:00,29.5,46,0,13.2,10,742.0
2025-04-24T11:00,31.3,37,13,13.9,11,901.0
2025-04-24T12:00,32.6,31,82,14.3,12,955.0
2025-04-24T13:00,33.5,28,38,14.7,13,930.0
2025-04-24T14:00,33.8,28,21,14.3,14,829.0
2025-04-24T15:00,33.6,28,7,14.5,15,667.0
2025-04-24T16:00,33.6,27,4,13.3,16,438.0
2025-04-24T17:00,32.8,30,4,13.1,17,194.0
2025-04-25T07:00,23.5,79,99,15.7,7,89.0
2025-04-25T08:00,25.4,68,64,15.8,8,237.0
2025-04-25T09:00,27.6,57,54,15.7,9,410.0
2025-04-25T10:00,29.7,52,45,12.3,10,668.0
2025-04-25T11:00,31.6,43,72,11.3,11,833.0
2025-04-25T12:00,33.0,35,100,10.9,12,862.0
2025-04-25T13:00,34.1,30,85,11.0,13,886.0
2025-04-25T14:00,34.7,27,95,11.3,14,803.0
2025-04-25T15:00,34.7,26,97,11.7,15,652.0
2025-04-25T16:00,34.2,28,100,12.1,16,436.0
2025-04-25T17:00,32.9,32,98,11.6,17,196.0
2025-04-26T07:00,24.5,73,43,9.0,7,122.0
2025-04-26T08:00,26.5,66,2,10.5,8,357.0
2025-04-26T09:00,28.9,54,10,10.8,9,583.0
2025-04-26T10:00,31.3,45,0,11.3,10,766.0
2025-04-26T11:00,33.0,38,12,9.5,11,878.0
2025-04-26T12:00,34.3,33,68,7.9,12,898.0
2025-04-26T13:00,35.5,28,88,8.3,13,903.0
2025-04-26T14:00,36.1,26,95,9.7,14,814.0
2025-04-26T15:00,36.1,25,93,10.6,15,645.0
2025-04-26T16:00,35.7,25,85,11.5,16,390.0
2025-04-26T17:00,35.0,25,40,10.2,17,186.0
2025-04-27T07:00,25.8,71,93,10.9,7,119.0
2025-04-27T08:00,27.4,64,6,12.0,8,354.0
2025-04-27T09:00,29.6,52,20,13.0,9,579.0
2025-04-27T10:00,31.2,47,95,12.6,10,725.0
2025-04-27T11:00,32.4,42,71,11.0,11,794.0
2025-04-27T12:00,33.5,36,91,8.9,12,907.0
2025-04-27T13:00,34.7,31,91,7.8,13,800.0
2025-04-27T14:00,35.9,27,81,7.7,14,794.0
2025-04-27T15:00,35.9,25,96,11.0,15,628.0
2025-04-27T16:00,35.1,25,88,13.2,16,409.0
2025-04-27T17:00,34.2,26,25,10.4,17,189.0
2025-04-28T07:00,25.3,70,94,9.7,7,119.0
2025-04-28T08:00,26.8,63,94,8.9,8,351.0
2025-04-28T09:00,28.9,54,99,8.4,9,576.0
2025-04-28T10:00,31.1,46,99,8.7,10,759.0
2025-04-28T11:00,32.8,39,98,7.8,11,867.0
2025-04-28T12:00,34.2,34,95,6.2,12,925.0
2025-04-28T13:00,35.1,30,100,4.2,13,881.0
2025-04-28T14:00,35.8,28,100,4.3,14,806.0
2025-04-28T15:00,35.9,26,74,5.7,15,621.0
2025-04-28T16:00,35.6,25,25,8.5,16,427.0
2025-04-28T17:00,34.5,25,4,10.5,17,195.0
2025-04-29T07:00,26.2,55,8,4.6,7,120.0
2025-04-29T08:00,27.8,58,4,7.1,8,351.0
2025-04-29T09:00,29.6,52,24,6.4,9,568.0
2025-04-29T10:00,30.8,49,59,3.9,10,684.0
2025-04-29T11:00,32.4,41,17,3.3,11,813.0
2025-04-29T12:00,33.5,37,48,3.6,12,876.0
2025-04-29T13:00,34.2,34,42,3.5,13,827.0
2025-04-29T14:00,34.4,32,46,3.9,14,696.0
2025-04-29T15:00,34.6,31,25,5.7,15,585.0
2025-04-29T16:00,34.2,32,12,7.7,16,384.0
2025-04-29T17:00,33.6,35,8,9.4,17,181.0
2025-04-30T07:00,26.5,65,1,2.6,7,117.0
2025-04-30T08:00,28.7,54,1,6.5,8,347.0
2025-04-30T09:00,30.5,47,0,6.3,9,566.0
2025-04-30T10:00,32.0,43,26,6.8,10,718.0
2025-04-30T11:00,33.0,40,11,7.7,11,788.0
2025-04-30T12:00,34.0,37,61,8.1,12,849.0
2025-04-30T13:00,34.8,34,23,7.5,13,840.0
2025-04-30T14:00,35.4,32,15,7.4,14,743.0
2025-04-30T15:00,35.7,29,17,7.6,15,590.0
2025-04-30T16:00,35.3,30,26,9.9,16,394.0
2025-04-30T17:00,34.1,32,29,11.8,17,165.0
2025-05-01T07:00,25.2,74,28,16.0,7,112.0
2025-05-01T08:00,26.5,66,91,18.6,8,282.0
2025-05-01T09:00,27.6,61,100,17.9,9,343.0
2025-05-01T10:00,28.5,57,29,15.1,10,550.0
2025-05-01T11:00,30.3,50,23,14.0,11,755.0
2025-05-01T12:00,31.7,44,20,12.7,12,805.0
2025-05-01T13:00,33.0,39,17,11.4,13,830.0
2025-05-01T14:00,33.5,36,22,14.2,14,739.0
2025-05-01T15:00,33.4,36,15,13.8,15,594.0
2025-05-01T16:00,33.3,35,16,14.0,16,392.0
2025-05-01T17:00,32.8,34,46,10.7,17,181.0
2025-05-02T07:00,23.9,78,27,14.7,7,117.0
2025-05-02T08:00,25.6,68,46,17.0,8,298.0
2025-05-02T09:00,27.5,58,19,15.0,9,436.0
2025-05-02T10:00,29.0,50,14,14.8,10,681.0
2025-05-02T11:00,30.9,43,27,14.4,11,821.0
2025-05-02T12:00,31.8,39,35,14.2,12,819.0
2025-05-02T13:00,32.2,39,24,12.7,13,775.0
2025-05-02T14:00,32.8,38,10,13.4,14,752.0
2025-05-02T15:00,32.6,39,28,15.5,15,577.0
2025-05-02T16:00,29.6,50,54,23.7,16,370.0
2025-05-02T17:00,28.9,54,17,20.5,17,132.0
2025-05-03T07:00,23.8,80,68,16.1,7,110.0
2025-05-03T08:00,25.6,70,92,21.5,8,322.0
2025-05-03T09:00,27.3,61,44,21.2,9,465.0
2025-05-03T10:00,27.8,62,57,20.2,10,610.0
2025-05-03T11:00,29.3,56,36,19.8,11,699.0
2025-05-03T12:00,30.3,53,58,19.2,12,830.0
2025-05-03T13:00,29.1,57,29,20.0,13,638.0
2025-05-03T14:00,30.4,51,60,18.9,14,655.0
2025-05-03T15:00,30.6,51,38,19.5,15,525.0
2025-05-03T16:00,29.3,54,56,20.5,16,363.0
2025-05-03T17:00,28.3,58,81,21.7,17,133.0
2025-05-04T07:00,23.2,77,97,13.1,7,114.0
2025-05-04T08:00,25.1,69,96,22.5,8,318.0
2025-05-04T09:00,26.6,63,98,21.0,9,435.0
2025-05-04T10:00,27.0,60,98,18.5,10,466.0
2025-05-04T11:00,27.4,59,100,19.1,11,558.0
2025-05-04T12:00,27.9,58,100,20.0,12,642.0
2025-05-04T13:00,29.6,51,99,18.1,13,804.0
2025-05-04T14:00,29.6,50,100,16.4,14,708.0
2025-05-04T15:00,29.3,52,99,16.8,15,529.0
2025-05-04T16:00,29.4,51,100,15.3,16,350.0
2025-05-04T17:00,28.6,54,100,14.9,17,136.0
2025-05-05T07:00,23.7,80,44,19.2,7,104.0
2025-05-05T08:00,25.1,72,65,19.6,8,283.0
2025-05-05T09:00,26.9,63,84,17.8,9,471.0
2025-05-05T10:00,28.6,57,89,16.8,10,639.0
2025-05-05T11:00,30.2,47,86,16.9,11,777.0
2025-05-05T12:00,31.1,43,7,16.5,12,837.0
2025-05-05T13:00,31.9,41,17,13.9,13,856.0
2025-05-05T14:00,32.1,40,21,13.7,14,733.0
2025-05-05T15:00,32.0,40,34,13.8,15,587.0
2025-05-05T16:00,31.3,42,56,15.8,16,367.0
2025-05-05T17:00,28.3,58,14,18.9,17,133.0
2025-05-06T07:00,23.4,83,61,18.4,7,85.0
2025-05-06T08:00,25.2,72,90,19.7,8,251.0
2025-05-06T09:00,26.8,64,27,19.4,9,407.0
2025-05-06T10:00,28.3,59,90,18.7,10,616.0
2025-05-06T11:00,28.9,56,10,16.6,11,550.0
2025-05-06T12:00,30.9,48,9,15.4,12,834.0
2025-05-06T13:00,31.6,45,19,15.0,13,818.0
2025-05-06T14:00,31.1,46,43,16.6,14,731.0
2025-05-06T15:00,30.4,51,22,12.8,15,474.0
2025-05-06T16:00,28.5,55,73,16.6,16,327.0
2025-05-06T17:00,28.0,60,25,16.2,17,132.0
2025-05-07T07:00,23.5,79,34,16.5,7,90.0
2025-05-07T08:00,25.0,71,47,20.3,8,292.0
2025-05-07T09:00,26.7,62,100,19.8,9,378.0
2025-05-07T10:00,28.3,56,43,17.6,10,637.0
2025-05-07T11:00,29.4,51,53,16.6,11,720.0
2025-05-07T12:00,30.2,50,47,14.8,12,740.0
2025-05-07T13:00,31.2,48,24,13.6,13,769.0
2025-05-07T14:00,31.8,46,22,13.1,14,702.0
2025-05-07T15:00,32.1,44,26,14.0,15,585.0
2025-05-07T16:00,29.7,53,72,12.8,16,328.0
2025-05-07T17:00,29.1,54,31,14.5,17,120.0
2025-05-08T07:00,24.2,80,3,12.9,7,108.0
2025-05-08T08:00,26.0,66,0,14.1,8,334.0
2025-05-08T09:00,28.0,52,0,15.3,9,555.0
2025-05-08T10:00,29.9,47,19,18.0,10,730.0
2025-05-08T11:00,31.1,42,20,17.7,11,791.0
2025-05-08T12:00,31.8,39,43,16.8,12,797.0
2025-05-08T13:00,32.1,39,16,15.3,13,711.0
2025-05-08T14:00,32.7,39,16,14.7,14,708.0
2025-05-08T15:00,32.6,39,19,15.5,15,582.0
2025-05-08T16:00,31.8,41,18,15.7,16,342.0
2025-05-08T17:00,30.8,44,6,18.0,17,168.0
2025-05-09T07:00,23.3,80,16,13.5,7,110.0
2025-05-09T08:00,25.1,69,15,16.0,8,331.0
2025-05-09T09:00,27.3,57,17,19.6,9,532.0
2025-05-09T10:00,29.3,49,21,18.1,10,629.0
2025-05-09T11:00,31.0,40,22,18.9,11,743.0
2025-05-09T12:00,32.0,35,83,17.8,12,726.0
2025-05-09T13:00,32.2,34,18,15.5,13,542.0
2025-05-09T14:00,33.2,31,13,13.5,14,624.0
2025-05-09T15:00,33.4,28,6,12.9,15,525.0
2025-05-09T16:00,33.6,26,12,12.9,16,370.0
2025-05-09T17:00,32.8,27,12,13.5,17,158.0
2025-05-10T07:00,23.4,83,31,15.0,7,98.0
2025-05-10T08:00,25.4,70,57,16.9,8,289.0
2025-05-10T09:00,27.6,59,20,17.0,9,442.0
2025-05-10T10:00,30.1,48,26,16.9,10,698.0
2025-05-10T11:00,31.1,43,65,17.8,11,766.0
2025-05-10T12:00,32.0,40,33,17.1,12,747.0
2025-05-10T13:00,32.8,38,27,16.8,13,757.0
2025-05-10T14:00,33.7,35,16,18.7,14,709.0
2025-05-10T15:00,33.2,35,5,18.8,15,592.0
2025-05-10T16:00,32.6,36,8,19.0,16,376.0
2025-05-10T17:00,31.5,38,8,19.7,17,165.0
2025-05-11T07:00,22.5,82,100,13.3,7,61.0
2025-05-11T08:00,24.0,72,100,17.1,8,200.0
2025-05-11T09:00,26.2,61,100,16.5,9,330.0
2025-05-11T10:00,29.0,50,100,15.1,10,605.0
2025-05-11T11:00,29.7,48,97,13.8,11,479.0
2025-05-11T12:00,31.0,43,82,13.1,12,615.0
2025-05-11T13:00,31.9,40,100,11.4,13,685.0
2025-05-11T14:00,31.8,40,100,11.4,14,524.0
2025-05-11T15:00,31.8,40,100,10.6,15,372.0
2025-05-11T16:00,31.3,41,100,14.8,16,241.0
2025-05-11T17:00,28.8,54,99,16.9,17,75.0
2025-05-12T07:00,23.2,78,100,14.1,7,72.0
2025-05-12T08:00,24.1,75,100,21.2,8,130.0
2025-05-12T09:00,25.9,67,100,20.3,9,334.0
2025-05-12T10:00,27.5,59,98,20.4,10,444.0
2025-05-12T11:00,28.7,54,92,18.7,11,498.0
2025-05-12T12:00,30.4,49,88,16.3,12,739.0
2025-05-12T13:00,31.9,44,60,17.4,13,840.0
2025-05-12T14:00,32.3,42,24,18.6,14,726.0
2025-05-12T15:00,29.3,53,14,22.2,15,506.0
2025-05-12T16:00,29.3,54,24,21.9,16,343.0
2025-05-12T17:00,28.2,56,52,20.8,17,153.0
2025-05-13T07:00,22.5,78,68,21.2,7,103.0
2025-05-13T08:00,23.9,70,100,23.1,8,215.0
2025-05-13T09:00,24.9,66,100,21.8,9,248.0
2025-05-13T10:00,26.9,57,65,20.8,10,438.0
2025-05-13T11:00,28.6,50,100,20.5,11,612.0
2025-05-13T12:00,28.6,50,96,18.9,12,460.0
2025-05-13T13:00,30.0,46,100,17.7,13,547.0
2025-05-13T14:00,30.6,44,94,17.1,14,574.0
2025-05-13T15:00,30.8,43,100,14.5,15,446.0
2025-05-13T16:00,30.7,42,66,15.5,16,327.0
2025-05-13T17:00,29.2,48,97,13.7,17,132.0
2025-05-14T07:00,22.2,81,100,17.8,7,62.0
2025-05-14T08:00,23.7,71,94,21.8,8,231.0
2025-05-14T09:00,24.8,66,100,20.1,9,313.0
2025-05-14T10:00,26.9,56,80,20.7,10,489.0
2025-05-14T11:00,27.8,51,100,22.2,11,541.0
2025-05-14T12:00,28.8,48,100,21.2,12,577.0
2025-05-14T13:00,28.5,49,100,19.9,13,368.0
2025-05-14T14:00,29.5,47,73,19.0,14,457.0
2025-05-14T15:00,29.8,45,97,19.8,15,416.0
2025-05-14T16:00,29.5,46,99,20.9,16,333.0
2025-05-14T17:00,28.2,51,30,18.3,17,115.0
2025-05-15T07:00,21.7,82,100,19.4,7,70.0
2025-05-15T08:00,22.9,73,38,20.3,8,157.0
2025-05-15T09:00,25.6,59,54,22.8,9,497.0
2025-05-15T10:00,26.7,54,100,22.4,10,434.0
2025-05-15T11:00,27.3,54,77,19.9,11,435.0
2025-05-15T12:00,28.7,49,97,22.2,12,585.0
2025-05-15T13:00,29.2,47,97,20.8,13,511.0
2025-05-15T14:00,29.8,46,77,20.1,14,606.0
2025-05-15T15:00,29.9,46,33,19.5,15,498.0
2025-05-15T16:00,29.6,46,42,19.6,16,308.0
2025-05-15T17:00,28.5,51,28,19.1,17,144.0
2025-05-16T07:00,22.0,83,100,16.0,7,46.0
2025-05-16T08:00,23.9,72,100,21.4,8,206.0
2025-05-16T09:00,25.1,65,100,21.0,9,265.0
2025-05-16T10:00,27.2,57,100,22.1,10,441.0
2025-05-16T11:00,28.6,52,100,21.9,11,594.0
2025-05-16T12:00,29.8,48,99,20.4,12,675.0
2025-05-16T13:00,30.6,44,98,20.7,13,670.0
2025-05-16T14:00,31.2,41,98,19.8,14,573.0
2025-05-16T15:00,31.3,40,100,19.3,15,461.0
2025-05-16T16:00,31.0,39,100,19.6,16,319.0
2025-05-16T17:00,29.7,44,99,16.7,17,113.0
2025-05-17T07:00,22.8,82,99,17.1,7,63.0
2025-05-17T08:00,24.3,71,100,20.2,8,180.0
2025-05-17T09:00,25.1,67,100,20.9,9,221.0
2025-05-17T10:00,28.1,55,54,23.0,10,652.0
2025-05-17T11:00,29.1,50,96,23.3,11,655.0
2025-05-17T12:00,29.4,50,93,23.8,12,624.0
2025-05-17T13:00,30.2,49,35,23.9,13,700.0
2025-05-17T14:00,30.8,47,32,23.5,14,624.0
2025-05-17T15:00,30.4,48,42,23.1,15,511.0
2025-05-17T16:00,27.3,62,87,17.0,16,231.0
2025-05-17T17:00,27.3,59,65,21.8,17,126.0
2025-05-18T07:00,22.5,81,79,15.3,7,47.0
2025-05-18T08:00,24.2,71,31,23.3,8,246.0
2025-05-18T09:00,26.1,61,37,24.0,9,472.0
2025-05-18T10:00,26.6,57,97,24.2,10,349.0
2025-05-18T11:00,27.8,52,100,23.7,11,476.0
2025-05-18T12:00,28.3,50,100,23.6,12,383.0
2025-05-18T13:00,29.3,46,85,22.0,13,485.0
2025-05-18T14:00,29.5,46,80,20.5,14,413.0
2025-05-18T15:00,30.0,43,90,21.1,15,382.0
2025-05-18T16:00,29.3,45,81,21.3,16,181.0
2025-05-18T17:00,28.4,50,23,18.2,17,113.0
2025-05-19T07:00,22.4,79,100,20.8,7,45.0
2025-05-19T08:00,23.2,73,55,24.6,8,127.0
2025-05-19T09:00,25.4,61,45,26.0,9,412.0
2025-05-19T10:00,26.3,58,100,23.2,10,462.0
2025-05-19T11:00,27.4,52,100,22.5,11,481.0
2025-05-19T12:00,27.9,49,100,20.6,12,468.0
2025-05-19T13:00,28.8,44,92,20.4,13,454.0
2025-05-19T14:00,29.6,41,32,22.2,14,445.0
2025-05-19T15:00,29.5,40,26,22.1,15,445.0
2025-05-19T16:00,29.4,40,10,21.4,16,364.0
2025-05-19T17:00,28.6,42,100,21.6,17,145.0
2025-05-20T07:00,21.6,79,100,15.9,7,95.0
2025-05-20T08:00,22.7,74,100,22.5,8,156.0
2025-05-20T09:00,24.2,66,98,22.3,9,233.0
2025-05-20T10:00,26.3,58,100,21.4,10,369.0
2025-05-20T11:00,27.4,54,100,20.4,11,397.0
2025-05-20T12:00,28.1,52,100,19.7,12,395.0
2025-05-20T13:00,28.6,51,99,19.2,13,397.0
2025-05-20T14:00,28.4,52,100,18.2,14,277.0
2025-05-20T15:00,29.0,49,100,16.2,15,243.0
2025-05-20T16:00,28.9,49,100,16.6,16,238.0
2025-05-20T17:00,28.3,51,80,16.7,17,96.0
2025-05-21T07:00,22.5,81,100,17.8,7,33.0
2025-05-21T08:00,23.6,76,100,22.3,8,175.0
2025-05-21T09:00,24.8,68,100,20.1,9,240.0
2025-05-21T10:00,26.8,59,86,19.4,10,418.0
2025-05-21T11:00,28.4,53,96,18.5,11,592.0
2025-05-21T12:00,29.3,51,43,17.1,12,626.0
2025-05-21T13:00,30.4,47,100,16.5,13,699.0
2025-05-21T14:00,30.3,46,100,17.5,14,471.0
2025-05-21T15:00,29.0,50,100,17.1,15,189.0
2025-05-21T16:00,28.3,53,100,15.3,16,63.0
2025-05-21T17:00,27.7,56,100,16.5,17,40.0
2025-05-22T07:00,22.0,87,98,13.0,7,45.0
2025-05-22T08:00,23.0,80,79,17.0,8,144.0
2025-05-22T09:00,24.6,70,79,20.3,9,386.0
2025-05-22T10:00,27.9,55,98,17.6,10,505.0
2025-05-22T11:00,28.8,49,100,16.1,11,477.0
2025-05-22T12:00,29.6,46,99,16.0,12,420.0
2025-05-22T13:00,30.7,41,100,15.2,13,492.0
2025-05-22T14:00,31.3,39,95,14.6,14,477.0
2025-05-22T15:00,30.4,43,61,15.3,15,342.0
2025-05-22T16:00,30.4,43,35,12.5,16,228.0
2025-05-22T17:00,29.7,45,99,13.3,17,127.0
2025-05-23T07:00,22.1,84,45,13.4,7,97.0
2025-05-23T08:00,23.6,73,17,14.8,8,280.0
2025-05-23T09:00,25.7,61,5,13.9,9,510.0
2025-05-23T10:00,28.1,50,1,13.0,10,696.0
2025-05-23T11:00,29.9,43,0,14.1,11,816.0
2025-05-23T12:00,31.2,37,0,15.0,12,864.0
2025-05-23T13:00,31.8,34,0,15.0,13,839.0
2025-05-23T14:00,32.1,32,0,14.9,14,746.0
2025-05-23T15:00,31.9,32,0,15.1,15,588.0
2025-05-23T16:00,31.3,34,13,15.6,16,388.0
2025-05-23T17:00,30.1,37,34,14.2,17,162.0
2025-05-24T07:00,22.9,80,100,15.5,7,38.0
2025-05-24T08:00,24.1,73,100,16.7,8,128.0
2025-05-24T09:00,26.7,59,97,19.3,9,374.0
2025-05-24T10:00,28.5,51,49,19.5,10,540.0
2025-05-24T11:00,30.4,44,63,19.5,11,691.0
2025-05-24T12:00,31.1,41,100,19.1,12,703.0
2025-05-24T13:00,31.0,41,75,16.7,13,421.0
2025-05-24T14:00,31.1,42,39,18.0,14,509.0
2025-05-24T15:00,31.3,43,51,15.7,15,421.0
2025-05-24T16:00,30.8,45,32,16.9,16,305.0
2025-05-24T17:00,29.5,50,47,18.8,17,132.0
2025-05-25T07:00,22.8,81,100,17.5,7,47.0
2025-05-25T08:00,23.8,75,88,20.4,8,151.0
2025-05-25T09:00,25.0,67,91,22.7,9,267.0
2025-05-25T10:00,27.7,52,100,23.6,10,501.0
2025-05-25T11:00,27.8,52,100,21.9,11,364.0
2025-05-25T12:00,28.5,50,94,22.2,12,415.0
2025-05-25T13:00,29.6,46,87,19.0,13,478.0
2025-05-25T14:00,28.9,50,100,24.0,14,602.0
2025-05-25T15:00,28.5,51,82,21.4,15,360.0
2025-05-25T16:00,28.8,50,58,20.6,16,228.0
2025-05-25T17:00,27.8,54,10,18.4,17,127.0
2025-05-26T07:00,21.1,82,31,15.3,7,98.0
2025-05-26T08:00,23.1,69,53,21.0,8,290.0
2025-05-26T09:00,24.9,59,65,21.6,9,423.0
2025-05-26T10:00,27.1,50,45,21.0,10,564.0
2025-05-26T11:00,28.2,45,67,21.1,11,631.0
2025-05-26T12:00,29.2,42,70,20.6,12,664.0
2025-05-26T13:00,30.2,38,74,19.5,13,647.0
2025-05-26T14:00,30.6,37,39,19.8,14,587.0
2025-05-26T15:00,30.6,36,20,17.7,15,447.0
2025-05-26T16:00,30.3,36,44,19.8,16,336.0
2025-05-26T17:00,29.1,39,20,17.5,17,115.0
2025-05-27T07:00,20.5,86,24,14.9,7,82.0
2025-05-27T08:00,22.6,71,42,20.4,8,297.0
2025-05-27T09:00,25.1,56,30,20.8,9,421.0
2025-05-27T10:00,27.5,46,29,19.2,10,631.0
2025-05-27T11:00,29.6,36,54,22.4,11,756.0
2025-05-27T12:00,30.6,33,42,21.4,12,719.0
2025-05-27T13:00,31.3,31,53,20.0,13,643.0
2025-05-27T14:00,31.3,34,63,22.2,14,667.0
2025-05-27T15:00,31.3,34,16,19.4,15,506.0
2025-05-27T16:00,30.1,39,46,21.9,16,282.0
2025-05-27T17:00,29.1,42,6,19.1,17,130.0
2025-05-28T07:00,21.4,84,100,16.9,7,57.0
2025-05-28T08:00,22.9,73,65,18.3,8,183.0
2025-05-28T09:00,24.9,62,15,18.8,9,449.0
2025-05-28T10:00,28.0,48,3,15.9,10,687.0
2025-05-28T11:00,29.7,40,8,16.7,11,819.0
2025-05-28T12:00,30.6,38,6,16.6,12,827.0
2025-05-28T13:00,31.6,35,8,15.3,13,830.0
2025-05-28T14:00,32.0,33,3,15.5,14,732.0
2025-05-28T15:00,32.0,33,0,15.5,15,589.0
2025-05-28T16:00,31.1,35,9,17.1,16,387.0
2025-05-28T17:00,29.8,38,52,16.6,17,164.0
2025-05-29T07:00,22.2,86,100,13.5,7,75.0
2025-05-29T08:00,23.5,77,37,15.0,8,197.0
2025-05-29T09:00,26.0,63,19,15.2,9,468.0
2025-05-29T10:00,28.2,54,19,12.6,10,621.0
2025-05-29T11:00,29.7,46,19,12.7,11,697.0
2025-05-29T12:00,31.1,40,30,12.3,12,764.0
2025-05-29T13:00,32.3,34,53,14.0,13,735.0
2025-05-29T14:00,32.1,35,81,15.8,14,542.0
2025-05-29T15:00,32.5,34,24,13.7,15,450.0
2025-05-29T16:00,32.5,32,41,13.1,16,298.0
2025-05-29T17:00,30.3,42,8,17.2,17,97.0
2025-05-30T07:00,22.9,83,59,11.4,7,56.0
2025-05-30T08:00,24.9,71,32,13.7,8,270.0
2025-05-30T09:00,27.3,59,22,12.8,9,461.0
2025-05-30T10:00,29.1,52,12,10.9,10,651.0
2025-05-30T11:00,30.7,45,9,11.6,11,754.0
2025-05-30T12:00,32.0,39,5,12.0,12,806.0
2025-05-30T13:00,32.9,36,2,11.7,13,810.0
2025-05-30T14:00,33.6,32,5,11.0,14,727.0
2025-05-30T15:00,33.6,31,10,10.4,15,576.0
2025-05-30T16:00,33.1,30,36,12.1,16,359.0
2025-05-30T17:00,32.7,30,28,6.4,17,136.0
2025-05-31T07:00,24.0,78,45,13.6,7,36.0
2025-05-31T08:00,25.5,70,42,17.2,8,237.0
2025-05-31T09:00,27.0,62,24,17.8,9,434.0
2025-05-31T10:00,28.5,54,67,17.7,10,598.0
2025-05-31T11:00,28.7,53,76,18.6,11,576.0
2025-05-31T12:00,28.9,52,76,15.7,12,582.0
2025-05-31T13:00,30.4,44,11,12.8,13,622.0
2025-05-31T14:00,32.2,38,37,13.0,14,704.0
2025-05-31T15:00,32.1,38,21,16.4,15,531.0
2025-05-31T16:00,31.7,38,15,13.8,16,301.0
2025-05-31T17:00,30.6,40,33,16.2,17,151.0
2025-06-01T07:00,22.0,78,100,14.6,7,54.0
2025-06-01T08:00,23.6,69,100,18.8,8,199.0
2025-06-01T09:00,25.0,62,100,19.2,9,323.0
2025-06-01T10:00,27.8,48,28,17.3,10,596.0
2025-06-01T11:00,29.4,41,48,16.4,11,769.0
2025-06-01T12:00,30.9,36,32,15.9,12,843.0
2025-06-01T13:00,31.9,33,7,14.8,13,842.0
2025-06-01T14:00,32.8,30,81,14.6,14,737.0
2025-06-01T15:00,33.0,28,86,16.7,15,539.0
2025-06-01T16:00,32.5,30,93,18.8,16,363.0
2025-06-01T17:00,31.4,32,92,15.6,17,127.0
2025-06-02T07:00,22.5,83,95,18.1,7,84.0
2025-06-02T08:00,24.1,73,55,20.4,8,201.0
2025-06-02T09:00,26.2,61,49,21.7,9,381.0
2025-06-02T10:00,28.3,51,31,19.0,10,583.0
2025-06-02T11:00,29.9,46,22,18.4,11,720.0
2025-06-02T12:00,30.6,45,37,18.6,12,746.0
2025-06-02T13:00,30.6,45,56,20.3,13,796.0
2025-06-02T14:00,30.7,47,20,18.2,14,626.0
2025-06-02T15:00,31.2,44,37,20.5,15,546.0
2025-06-02T16:00,28.8,55,21,17.4,16,276.0
2025-06-02T17:00,27.3,59,34,19.6,17,120.0
2025-06-03T07:00,21.4,83,26,16.4,7,64.0
2025-06-03T08:00,23.1,73,24,21.0,8,278.0
2025-06-03T09:00,25.5,59,23,22.3,9,468.0
2025-06-03T10:00,27.0,51,16,19.4,10,678.0
2025-06-03T11:00,29.1,41,30,21.3,11,757.0
2025-06-03T12:00,29.5,39,15,20.2,12,762.0
2025-06-03T13:00,30.3,37,0,18.7,13,817.0
2025-06-03T14:00,30.4,38,0,19.1,14,742.0
2025-06-03T15:00,31.3,33,19,18.1,15,592.0
2025-06-03T16:00,30.5,37,60,22.7,16,365.0
2025-06-03T17:00,28.9,45,93,21.5,17,135.0
2025-06-04T07:00,21.5,84,100,17.6,7,67.0
2025-06-04T08:00,22.7,77,100,20.3,8,158.0
2025-06-04T09:00,23.6,73,100,19.7,9,247.0
2025-06-04T10:00,26.4,59,99,18.9,10,367.0
2025-06-04T11:00,28.3,52,92,17.5,11,685.0
2025-06-04T12:00,29.6,46,66,16.9,12,745.0
2025-06-04T13:00,30.5,42,58,16.9,13,735.0
2025-06-04T14:00,30.7,41,42,16.9,14,596.0
2025-06-04T15:00,30.2,43,28,16.8,15,435.0
2025-06-04T16:00,29.4,45,32,13.3,16,231.0
2025-06-04T17:00,28.5,49,88,12.0,17,139.0
2025-06-05T07:00,21.7,84,35,14.7,7,57.0
2025-06-05T08:00,23.4,73,19,18.8,8,264.0
2025-06-05T09:00,25.3,62,17,19.1,9,469.0
2025-06-05T10:00,26.9,53,6,17.4,10,656.0
2025-06-05T11:00,28.4,46,6,17.8,11,780.0
2025-06-05T12:00,29.5,41,3,17.0,12,833.0
2025-06-05T13:00,30.4,38,2,15.8,13,799.0
2025-06-05T14:00,30.8,36,0,15.2,14,731.0
2025-06-05T15:00,30.7,36,2,16.2,15,582.0
2025-06-05T16:00,30.2,37,5,15.9,16,381.0
2025-06-05T17:00,29.1,40,12,14.9,17,159.0
2025-06-06T07:00,21.6,83,30,14.7,7,37.0
2025-06-06T08:00,23.2,72,33,18.5,8,239.0
2025-06-06T09:00,25.8,57,43,18.6,9,454.0
2025-06-06T10:00,27.6,51,13,16.1,10,664.0
2025-06-06T11:00,29.2,44,6,15.7,11,775.0
2025-06-06T12:00,30.6,39,6,15.8,12,834.0
2025-06-06T13:00,31.6,34,2,15.8,13,820.0
2025-06-06T14:00,32.0,32,3,16.6,14,730.0
2025-06-06T15:00,31.7,32,9,17.6,15,567.0
2025-06-06T16:00,31.3,33,9,16.4,16,375.0
2025-06-06T17:00,30.6,33,25,14.8,17,154.0
2025-06-07T07:00,21.8,83,83,12.0,7,81.0
2025-06-07T08:00,23.6,69,64,14.6,8,296.0
2025-06-07T09:00,25.8,53,46,15.8,9,513.0
2025-06-07T10:00,28.2,41,92,16.4,10,686.0
2025-06-07T11:00,29.9,33,87,17.4,11,804.0
2025-06-07T12:00,31.1,30,84,16.6,12,854.0
2025-06-07T13:00,31.8,29,98,15.6,13,832.0
2025-06-07T14:00,32.1,29,96,15.1,14,738.0
2025-06-07T15:00,32.1,29,85,15.2,15,586.0
2025-06-07T16:00,31.5,31,86,16.1,16,388.0
2025-06-07T17:00,30.5,34,100,16.9,17,148.0
2025-06-08T07:00,21.4,80,44,19.6,7,72.0
2025-06-08T08:00,22.6,73,100,21.1,8,210.0
2025-06-08T09:00,23.5,70,100,18.4,9,209.0
2025-06-08T10:00,25.5,63,81,19.3,10,351.0
2025-06-08T11:00,27.2,56,43,18.2,11,586.0
2025-06-08T12:00,28.3,50,29,16.0,12,613.0
2025-06-08T13:00,29.5,46,21,13.8,13,610.0
2025-06-08T14:00,30.2,43,9,14.1,14,575.0
2025-06-08T15:00,30.5,41,97,15.3,15,519.0
2025-06-08T16:00,30.1,41,100,15.2,16,338.0
2025-06-08T17:00,29.5,42,87,13.7,17,144.0
2025-06-09T07:00,21.4,85,9,9.5,7,83.0
2025-06-09T08:00,23.4,72,0,9.4,8,292.0
2025-06-09T09:00,25.8,58,4,9.4,9,504.0
2025-06-09T10:00,28.1,52,52,8.1,10,675.0
2025-06-09T11:00,29.9,45,100,7.8,11,789.0
2025-06-09T12:00,31.3,40,79,6.7,12,808.0
2025-06-09T13:00,32.2,36,72,5.1,13,752.0
2025-06-09T14:00,32.7,34,82,4.2,14,691.0
2025-06-09T15:00,32.8,33,64,3.6,15,547.0
2025-06-09T16:00,32.5,33,29,5.9,16,355.0
2025-06-09T17:00,31.4,35,72,10.8,17,143.0
2025-06-10T07:00,22.1,71,0,8.5,7,87.0
2025-06-10T08:00,24.2,62,0,10.3,8,298.0
2025-06-10T09:00,26.4,54,0,11.9,9,508.0
2025-06-10T10:00,28.7,48,0,11.4,10,678.0
2025-06-10T11:00,30.5,41,0,11.3,11,796.0
2025-06-10T12:00,32.0,36,0,11.0,12,842.0
2025-06-10T13:00,32.8,32,88,10.7,13,820.0
2025-06-10T14:00,33.2,30,92,11.8,14,729.0
2025-06-10T15:00,32.9,30,17,13.1,15,579.0
2025-06-10T16:00,32.3,30,80,13.4,16,381.0
2025-06-10T17:00,31.2,32,83,13.2,17,151.0
2025-06-11T07:00,21.8,77,24,9.4,7,86.0
2025-06-11T08:00,23.6,72,46,11.1,8,299.0
2025-06-11T09:00,25.9,64,83,12.2,9,499.0
2025-06-11T10:00,28.3,54,22,13.2,10,645.0
2025-06-11T11:00,29.7,47,20,13.1,11,759.0
2025-06-11T12:00,30.8,42,8,12.5,12,824.0
2025-06-11T13:00,32.2,34,5,11.6,13,810.0
2025-06-11T14:00,32.9,29,15,11.9,14,728.0
2025-06-11T15:00,33.0,28,4,12.8,15,579.0
2025-06-11T16:00,32.5,28,0,14.2,16,382.0
2025-06-11T17:00,31.3,30,0,13.9,17,164.0
2025-06-12T07:00,22.0,86,34,13.0,7,81.0
2025-06-12T08:00,23.8,74,17,14.5,8,254.0
2025-06-12T09:00,26.0,61,10,15.6,9,480.0
2025-06-12T10:00,27.8,51,5,14.3,10,660.0
2025-06-12T11:00,29.7,40,0,15.0,11,784.0
2025-06-12T12:00,31.2,33,0,15.3,12,840.0
2025-06-12T13:00,32.2,31,8,15.2,13,819.0
2025-06-12T14:00,32.5,31,98,16.7,14,730.0
2025-06-12T15:00,32.4,31,91,16.1,15,580.0
2025-06-12T16:00,32.0,32,95,15.5,16,380.0
2025-06-12T17:00,31.1,34,94,15.6,17,165.0
2025-06-13T07:00,22.2,78,59,17.4,7,54.0
2025-06-13T08:00,23.4,71,29,21.9,8,213.0
2025-06-13T09:00,24.8,63,75,25.4,9,386.0
2025-06-13T10:00,26.7,56,36,26.0,10,601.0
2025-06-13T11:00,27.3,54,23,26.4,11,669.0
2025-06-13T12:00,28.2,51,40,25.7,12,743.0
2025-06-13T13:00,28.3,49,42,24.4,13,616.0
2025-06-13T14:00,28.8,48,47,24.9,14,667.0
2025-06-13T15:00,28.4,48,31,25.9,15,510.0
2025-06-13T16:00,27.6,51,32,26.9,16,315.0
2025-06-13T17:00,26.6,54,23,26.2,17,138.0
2025-06-14T07:00,21.6,78,51,26.1,7,64.0
2025-06-14T08:00,22.8,71,100,29.4,8,214.0
2025-06-14T09:00,23.8,66,100,30.1,9,288.0
2025-06-14T10:00,25.1,59,100,28.5,10,404.0
2025-06-14T11:00,24.9,60,100,30.0,11,346.0
2025-06-14T12:00,25.0,60,100,28.4,12,317.0
2025-06-14T13:00,24.8,60,100,25.6,13,287.0
2025-06-14T14:00,26.0,54,100,27.7,14,433.0
2025-06-14T15:00,25.7,55,100,26.0,15,174.0
2025-06-14T16:00,25.7,56,100,24.4,16,201.0
2025-06-14T17:00,24.6,60,100,21.9,17,138.0
2025-06-15T07:00,19.8,80,41,18.7,7,77.0
2025-06-15T08:00,21.4,71,98,25.6,8,258.0
2025-06-15T09:00,22.7,64,74,24.8,9,297.0
2025-06-15T10:00,25.4,54,65,24.3,10,602.0
2025-06-15T11:00,25.9,53,100,23.7,11,472.0
2025-06-15T12:00,26.1,53,100,23.1,12,447.0
2025-06-15T13:00,26.3,53,100,21.7,13,344.0
2025-06-15T14:00,26.3,53,100,20.6,14,275.0
2025-06-15T15:00,26.3,53,100,20.0,15,196.0
2025-06-15T16:00,25.8,55,100,18.2,16,103.0
2025-06-15T17:00,25.2,58,100,16.7,17,37.0
2025-06-16T07:00,21.7,79,27,12.5,7,60.0
2025-06-16T08:00,23.5,71,26,16.4,8,273.0
2025-06-16T09:00,25.8,61,53,24.2,9,461.0
2025-06-16T10:00,25.9,59,100,22.3,10,386.0
2025-06-16T11:00,26.3,58,100,22.1,11,307.0
2025-06-16T12:00,27.1,56,72,23.5,12,413.0
2025-06-16T13:00,27.7,55,51,24.8,13,608.0
2025-06-16T14:00,27.4,55,57,23.1,14,433.0
2025-06-16T15:00,26.8,58,45,23.3,15,328.0
2025-06-16T16:00,26.5,60,30,21.1,16,276.0
2025-06-16T17:00,25.8,63,24,19.0,17,134.0
2025-06-17T07:00,22.0,81,52,16.0,7,67.0
2025-06-17T08:00,23.4,72,71,22.7,8,240.0
2025-06-17T09:00,24.7,64,95,25.1,9,336.0
2025-06-17T10:00,25.6,59,75,26.6,10,525.0
2025-06-17T11:00,26.7,55,100,25.6,11,514.0
2025-06-17T12:00,27.4,52,100,24.1,12,488.0
2025-06-17T13:00,27.3,53,100,23.7,13,423.0
2025-06-17T14:00,27.4,53,100,22.9,14,341.0
2025-06-17T15:00,27.3,54,100,22.3,15,257.0
2025-06-17T16:00,26.6,58,65,20.1,16,164.0
2025-06-17T17:00,26.2,60,82,18.3,17,88.0
2025-06-18T07:00,21.3,85,100,14.3,7,13.0
2025-06-18T08:00,22.1,78,95,17.3,8,92.0
2025-06-18T09:00,23.6,69,100,19.9,9,275.0
2025-06-18T10:00,25.3,56,43,23.2,10,414.0
2025-06-18T11:00,27.2,47,97,22.9,11,590.0
2025-06-18T12:00,27.8,43,24,22.3,12,477.0
2025-06-18T13:00,29.0,39,100,24.1,13,577.0
2025-06-18T14:00,27.8,44,98,24.3,14,335.0
2025-06-18T15:00,28.1,44,100,20.7,15,289.0
2025-06-18T16:00,27.5,48,65,18.2,16,127.0
2025-06-18T17:00,27.0,51,24,17.5,17,123.0
2025-06-19T07:00,19.8,79,0,13.7,7,80.0
2025-06-19T08:00,21.7,70,11,19.0,8,289.0
2025-06-19T09:00,24.0,57,26,22.9,9,482.0
2025-06-19T10:00,26.1,48,31,21.3,10,663.0
2025-06-19T11:00,27.6,42,55,22.2,11,680.0
2025-06-19T12:00,27.9,41,100,20.9,12,559.0
2025-06-19T13:00,27.8,43,75,20.4,13,448.0
2025-06-19T14:00,28.3,42,93,19.8,14,472.0
2025-06-19T15:00,28.2,43,100,21.0,15,336.0
2025-06-19T16:00,27.4,48,100,20.0,16,194.0
2025-06-19T17:00,26.8,51,38,18.9,17,64.0
2025-06-20T07:00,21.7,83,52,18.5,7,31.0
2025-06-20T08:00,23.4,73,53,24.0,8,204.0
2025-06-20T09:00,24.9,64,100,23.7,9,339.0
2025-06-20T10:00,26.8,55,95,22.6,10,474.0
2025-06-20T11:00,27.6,52,85,21.2,11,460.0
2025-06-20T12:00,28.3,49,100,21.4,12,446.0
2025-06-20T13:00,28.9,47,85,19.6,13,455.0
2025-06-20T14:00,29.3,45,100,19.7,14,385.0
2025-06-20T15:00,29.8,43,95,18.5,15,386.0
2025-06-20T16:00,28.7,47,79,20.0,16,175.0
2025-06-20T17:00,28.1,49,80,17.4,17,120.0
2025-06-21T07:00,20.4,85,66,12.8,7,57.0
2025-06-21T08:00,21.9,75,21,16.3,8,250.0
2025-06-21T09:00,24.1,62,12,15.1,9,460.0
2025-06-21T10:00,26.2,53,7,14.4,10,656.0
2025-06-21T11:00,28.0,45,1,14.5,11,777.0
2025-06-21T12:00,29.4,39,1,14.8,12,841.0
2025-06-21T13:00,30.3,37,0,14.7,13,822.0
2025-06-21T14:00,30.7,36,0,15.0,14,734.0
2025-06-21T15:00,30.5,37,4,15.9,15,585.0
2025-06-21T16:00,30.2,37,11,16.3,16,386.0
2025-06-21T17:00,29.1,40,6,16.7,17,146.0
2025-06-22T07:00,20.3,88,99,12.1,7,44.0
2025-06-22T08:00,21.9,77,17,14.8,8,203.0
2025-06-22T09:00,24.1,66,7,12.8,9,473.0
2025-06-22T10:00,26.5,55,8,14.2,10,634.0
2025-06-22T11:00,28.3,45,4,13.5,11,758.0
2025-06-22T12:00,29.8,38,19,13.9,12,837.0
2025-06-22T13:00,30.6,34,66,14.0,13,826.0
2025-06-22T14:00,31.2,31,97,13.8,14,737.0
2025-06-22T15:00,31.4,29,78,14.2,15,587.0
2025-06-22T16:00,30.9,29,94,14.7,16,389.0
2025-06-22T17:00,29.7,33,58,14.9,17,171.0
2025-06-23T07:00,19.6,86,100,12.3,7,73.0
2025-06-23T08:00,21.5,75,100,14.6,8,265.0
2025-06-23T09:00,23.5,64,99,12.3,9,472.0
2025-06-23T10:00,26.2,51,100,13.5,10,639.0
2025-06-23T11:00,28.6,38,100,15.4,11,749.0
2025-06-23T12:00,30.2,31,100,17.0,12,799.0
2025-06-23T13:00,30.8,29,100,17.4,13,738.0
2025-06-23T14:00,31.1,29,100,17.4,14,651.0
2025-06-23T15:00,30.8,29,100,17.5,15,523.0
2025-06-23T16:00,30.1,30,100,17.3,16,357.0
2025-06-23T17:00,28.9,34,84,16.1,17,160.0
2025-06-24T07:00,20.7,84,92,15.3,7,72.0
2025-06-24T08:00,22.7,71,88,14.5,8,263.0
2025-06-24T09:00,25.2,61,99,13.1,9,472.0
2025-06-24T10:00,26.6,56,98,11.4,10,622.0
2025-06-24T11:00,29.0,47,97,10.6,11,759.0
2025-06-24T12:00,30.7,40,100,9.0,12,776.0
2025-06-24T13:00,31.3,38,100,8.1,13,750.0
2025-06-24T14:00,31.2,40,100,7.2,14,606.0
2025-06-24T15:00,31.6,39,100,7.5,15,509.0
2025-06-24T16:00,31.3,39,100,7.7,16,303.0
2025-06-24T17:00,31.0,38,100,8.2,17,117.0
2025-06-25T07:00,22.4,82,100,12.9,7,37.0
2025-06-25T08:00,23.3,77,99,16.0,8,140.0
2025-06-25T09:00,25.1,68,100,16.6,9,309.0
2025-06-25T10:00,27.6,54,56,16.8,10,537.0
2025-06-25T11:00,29.0,48,99,16.3,11,529.0
2025-06-25T12:00,29.4,45,100,16.0,12,421.0
2025-06-25T13:00,30.8,41,99,15.1,13,546.0
2025-06-25T14:00,31.8,37,48,14.1,14,525.0
2025-06-25T15:00,32.0,35,100,14.5,15,419.0
2025-06-25T16:00,31.0,39,98,15.0,16,202.0
2025-06-25T17:00,30.1,42,23,15.3,17,98.0
2025-06-26T07:00,22.3,85,27,15.4,7,49.0
2025-06-26T08:00,23.8,76,33,20.6,8,210.0
2025-06-26T09:00,25.7,65,52,20.4,9,406.0
2025-06-26T10:00,26.9,59,42,20.7,10,590.0
2025-06-26T11:00,26.9,59,63,22.3,11,582.0
2025-06-26T12:00,28.2,53,14,21.8,12,636.0
2025-06-26T13:00,29.0,49,35,22.2,13,720.0
2025-06-26T14:00,29.1,51,10,20.4,14,595.0
2025-06-26T15:00,29.4,50,28,21.5,15,527.0
2025-06-26T16:00,28.2,55,69,20.4,16,333.0
2025-06-26T17:00,27.3,58,33,21.7,17,117.0
2025-06-27T07:00,20.5,85,100,15.7,7,25.0
2025-06-27T08:00,21.9,75,79,17.6,8,160.0
2025-06-27T09:00,23.7,66,100,17.5,9,356.0
2025-06-27T10:00,25.9,55,100,18.0,10,541.0
2025-06-27T11:00,25.9,56,100,16.5,11,353.0
2025-06-27T12:00,27.0,54,100,13.9,12,397.0
2025-06-27T13:00,28.1,51,91,13.4,13,460.0
2025-06-27T14:00,29.0,47,58,13.5,14,405.0
2025-06-27T15:00,28.9,48,32,14.0,15,381.0
2025-06-27T16:00,28.7,49,71,14.7,16,223.0
2025-06-27T17:00,27.4,54,30,18.3,17,117.0
2025-06-28T07:00,21.2,84,98,14.5,7,27.0
2025-06-28T08:00,22.3,77,100,20.5,8,120.0
2025-06-28T09:00,23.3,72,98,21.1,9,196.0
2025-06-28T10:00,26.0,58,97,21.0,10,409.0
2025-06-28T11:00,26.7,55,93,18.4,11,410.0
2025-06-28T12:00,27.8,51,73,17.6,12,414.0
2025-06-28T13:00,28.3,51,69,18.2,13,501.0
2025-06-28T14:00,29.7,46,35,20.4,14,546.0
2025-06-28T15:00,28.4,50,49,21.6,15,425.0
2025-06-28T16:00,28.1,54,15,19.2,16,285.0
2025-06-28T17:00,26.0,63,65,17.5,17,155.0
2025-06-29T07:00,19.5,82,5,13.7,7,73.0
2025-06-29T08:00,21.5,68,1,16.2,8,276.0
2025-06-29T09:00,23.8,56,1,20.2,9,488.0
2025-06-29T10:00,26.0,51,48,22.6,10,667.0
2025-06-29T11:00,26.9,49,48,22.9,11,689.0
2025-06-29T12:00,27.3,47,33,20.5,12,552.0
2025-06-29T13:00,28.5,43,23,18.5,13,742.0
2025-06-29T14:00,29.0,41,20,17.1,14,658.0
2025-06-29T15:00,28.8,41,10,16.2,15,570.0
2025-06-29T16:00,28.7,39,6,12.5,16,375.0
2025-06-29T17:00,27.8,42,16,14.2,17,172.0
2025-06-30T07:00,21.1,81,100,18.7,7,16.0
2025-06-30T08:00,21.3,80,100,17.8,8,46.0
2025-06-30T09:00,22.5,72,100,19.0,9,98.0
2025-06-30T10:00,23.4,69,100,18.5,10,161.0
2025-06-30T11:00,25.0,65,100,18.8,11,381.0
2025-06-30T12:00,25.6,61,100,17.7,12,281.0
2025-06-30T13:00,26.9,56,100,18.5,13,399.0
2025-06-30T14:00,26.8,56,81,16.8,14,252.0
2025-06-30T15:00,27.3,55,82,15.9,15,286.0
2025-06-30T16:00,27.2,54,100,15.8,16,151.0
2025-06-30T17:00,26.8,56,96,12.8,17,49.0
